{
    "image_size_mb": {
        "original": {
            "mean": 199.50748646428573,
            "std": 127.33124915145622,
            "min": 14.020379,
            "max": 521.885063
        },
        "chainguard": {
            "mean": 112.23729524999999,
            "std": 95.3192059018739,
            "min": 11.875829,
            "max": 296.370823
        },
        "rapidfort": {
            "mean": 90.88424775000001,
            "std": 78.00058973819202,
            "min": 6.54298,
            "max": 252.669227
        },
        "t_stat": 2.2516136365160557,
        "p_val": 0.0326873874725134,
        "chainguard_reduction": 0.43742815250147604,
        "rapidfort_reduction": 0.5444569556728419
    },
    "n_vulnerabilities": {
        "original": {
            "mean": 95.42857142857143,
            "std": 70.14802134029999,
            "min": 0.0,
            "max": 263.0
        },
        "chainguard": {
            "mean": 2.3214285714285716,
            "std": 2.4356514445182165,
            "min": 0.0,
            "max": 8.0
        },
        "rapidfort": {
            "mean": 32.642857142857146,
            "std": 24.74327366854949,
            "min": 0.0,
            "max": 98.0
        },
        "t_stat": -6.334834445589103,
        "p_val": 8.798373940615441e-07,
        "chainguard_reduction": 0.9756736526946108,
        "rapidfort_reduction": 0.6579341317365269
    },
    "n_vulnerabilities_severe": {
        "original": {
            "mean": 10.535714285714286,
            "std": 9.205907043295403,
            "min": 0.0,
            "max": 35.0
        },
        "chainguard": {
            "mean": 0.17857142857142858,
            "std": 0.5380899704756915,
            "min": 0.0,
            "max": 2.0
        },
        "rapidfort": {
            "mean": 6.142857142857143,
            "std": 5.642405045180428,
            "min": 0.0,
            "max": 20.0
        },
        "t_stat": -5.469506192858998,
        "p_val": 8.650632264241483e-06,
        "chainguard_reduction": 0.983050847457627,
        "rapidfort_reduction": 0.4169491525423729
    },
    "n_components": {
        "original": {
            "mean": 244.03571428571428,
            "std": 210.58379434034214,
            "min": 11.0,
            "max": 935.0
        },
        "chainguard": {
            "mean": 128.57142857142858,
            "std": 127.2639070625145,
            "min": 22.0,
            "max": 456.0
        },
        "rapidfort": {
            "mean": 109.17857142857143,
            "std": 133.76633506962497,
            "min": 5.0,
            "max": 478.0
        },
        "t_stat": 2.1434389889170005,
        "p_val": 0.04124305236994068,
        "chainguard_reduction": 0.47314503146494946,
        "rapidfort_reduction": 0.5526123225523195
    },
    "vulns_per_comp": {
        "original": {
            "mean": 0.5536884317593593,
            "std": 0.487431285003453,
            "min": 0.0,
            "max": 1.7522935779816513
        },
        "chainguard": {
            "mean": 0.039926050116941836,
            "std": 0.06954787314293294,
            "min": 0.0,
            "max": 0.2916666666666667
        },
        "rapidfort": {
            "mean": 0.7262327211726687,
            "std": 0.6854349584065366,
            "min": 0.0,
            "max": 2.0588235294117645
        },
        "t_stat": -5.323083786645328,
        "p_val": 1.2798153739473036e-05,
        "chainguard_reduction": 0.9278907634207278,
        "rapidfort_reduction": -0.31162704422963183
    }
}