{
    "image_size_mb": {
        "original": {
            "mean": 199.5074864642857,
            "std": 127.3312491514562,
            "min": 14.020379,
            "max": 521.885063
        },
        "chainguard": {
            "mean": 112.23729525000002,
            "std": 95.31920590187391,
            "min": 11.875829,
            "max": 296.370823
        },
        "rapidfort": {
            "mean": 90.88424775000001,
            "std": 78.00058973819202,
            "min": 6.54298,
            "max": 252.669227
        },
        "t_stat": 2.2516136365160557,
        "p_val": 0.0326873874725134,
        "chainguard_reduction": 0.4374281525014758,
        "rapidfort_reduction": 0.5444569556728418
    },
    "n_vulnerabilities": {
        "original": {
            "mean": 95.17857142857143,
            "std": 69.35831064192698,
            "min": 0.0,
            "max": 266.0
        },
        "chainguard": {
            "mean": 0.6785714285714286,
            "std": 1.670191850155703,
            "min": 0.0,
            "max": 8.0
        },
        "rapidfort": {
            "mean": 34.464285714285715,
            "std": 23.09527184582708,
            "min": 0.0,
            "max": 94.0
        },
        "t_stat": -7.591275104646972,
        "p_val": 3.638442752074498e-08,
        "chainguard_reduction": 0.9928705440900563,
        "rapidfort_reduction": 0.6378986866791745
    },
    "n_vulnerabilities_severe": {
        "original": {
            "mean": 10.75,
            "std": 9.38701610889059,
            "min": 0.0,
            "max": 36.0
        },
        "chainguard": {
            "mean": 0.07142857142857142,
            "std": 0.3711537444790452,
            "min": 0.0,
            "max": 2.0
        },
        "rapidfort": {
            "mean": 6.714285714285714,
            "std": 6.723398071857195,
            "min": 0.0,
            "max": 27.0
        },
        "t_stat": -5.262902034495282,
        "p_val": 1.503755644251946e-05,
        "chainguard_reduction": 0.9933554817275748,
        "rapidfort_reduction": 0.37541528239202654
    },
    "n_components": {
        "original": {
            "mean": 243.14285714285714,
            "std": 210.12678388564,
            "min": 10.0,
            "max": 934.0
        },
        "chainguard": {
            "mean": 128.0,
            "std": 126.80750315790804,
            "min": 22.0,
            "max": 455.0
        },
        "rapidfort": {
            "mean": 108.5,
            "std": 133.29277656990376,
            "min": 4.0,
            "max": 476.0
        },
        "t_stat": 2.1575079946081157,
        "p_val": 0.04002701124657604,
        "chainguard_reduction": 0.4735605170387779,
        "rapidfort_reduction": 0.5537602820211516
    },
    "vulns_per_comp": {
        "original": {
            "mean": 0.5561432637147375,
            "std": 0.48484492572253424,
            "min": 0.0,
            "max": 1.7685185185185186
        },
        "chainguard": {
            "mean": 0.0038440254326749176,
            "std": 0.009025745896510467,
            "min": 0.0,
            "max": 0.0404040404040404
        },
        "rapidfort": {
            "mean": 0.7673478854614072,
            "std": 0.6605106905108828,
            "min": 0.0,
            "max": 2.0588235294117645
        },
        "t_stat": -5.991393412262549,
        "p_val": 2.1641871629117854e-06,
        "chainguard_reduction": 0.9930880661810072,
        "rapidfort_reduction": -0.3797665736989
    }
}